auc_score,auc_std,params,iteration,train_time
0.7661051712912936,0.033373456385164924,"{'alpha': 1.3785873347660398, 'colsample_bynode': 0.5299351876638694, 'eta': 0.3260049158482443, 'gamma': 2.5171972366504143, 'lambda': 2.6558340799290505, 'max_depth': 3.0, 'n_estimators': 53.0, 'subsample': 0.744009359891084}",1,156.53935880000063
0.7555746275404402,0.032991968412051785,"{'alpha': 1.4357358710281214, 'colsample_bynode': 0.7904775763115072, 'eta': 0.3274002565329458, 'gamma': 2.7506445277232325, 'lambda': 1.6051312523000532, 'max_depth': 6.0, 'n_estimators': 24.0, 'subsample': 0.9075336789176713}",2,150.15191159999813
